study_hours,attendance_percent,previous_score,sleep_hours,assignment_score,extracurricular_hours,internet_access,parental_education,final_score,performance_category
6.49,94.8,58.5,4.7,59.0,2.2,Yes,Graduate,76.7,High
5.22,89.1,66.0,6.0,71.5,2.1,Yes,Postgraduate,70.2,Medium
6.8,78.7,56.9,6.5,72.3,0.0,Yes,Diploma,64.5,Medium
8.55,70.2,63.7,9.3,79.1,2.3,Yes,Postgraduate,85.2,High
5.03,86.4,41.5,7.7,51.5,4.5,No,Postgraduate,67.9,Medium
5.03,82.7,71.0,5.4,80.9,0.5,Yes,High School,72.7,Medium
8.66,88.7,68.0,7.6,31.4,5.1,Yes,High School,68.7,Medium
7.03,85.6,56.6,5.1,62.6,4.0,Yes,Postgraduate,77.4,High
4.56,90.6,77.2,8.3,64.7,1.5,Yes,Postgraduate,73.0,Medium
6.59,71.6,81.1,6.4,81.5,2.7,Yes,High School,75.2,High
4.57,93.8,45.5,6.9,72.3,6.2,No,High School,77.6,High
4.57,80.4,57.3,8.6,50.9,4.5,Yes,High School,62.4,Medium
5.98,100.0,57.2,5.5,57.2,3.0,Yes,Postgraduate,65.3,Medium
1.67,69.7,54.8,5.3,75.0,2.5,Yes,High School,51.9,Low
2.05,98.8,79.6,6.3,70.8,3.2,Yes,Graduate,80.9,High
4.38,80.4,65.3,8.2,63.3,2.0,Yes,Graduate,72.2,Medium
3.47,70.2,64.3,5.2,64.8,0.0,Yes,High School,59.4,Medium
6.13,72.2,39.9,4.0,82.4,7.1,Yes,Graduate,65.0,Medium
3.68,74.2,76.9,6.5,64.2,3.3,Yes,Diploma,71.2,Medium
2.68,83.1,50.7,7.7,70.7,3.8,Yes,Postgraduate,62.8,Medium
8.43,84.3,68.8,8.4,100.0,2.9,No,Diploma,86.6,High
5.05,71.1,71.9,6.4,50.6,1.5,Yes,Graduate,61.8,Medium
5.64,77.7,87.0,6.5,44.2,2.6,Yes,Graduate,66.3,Medium
2.65,100.0,49.7,8.4,83.8,0.0,Yes,High School,67.0,Medium
4.41,98.7,30.0,4.8,61.8,7.6,Yes,High School,62.8,Medium
5.72,83.2,70.6,6.5,67.2,0.5,No,Diploma,70.1,Medium
3.2,78.5,93.2,7.2,60.3,0.9,Yes,Diploma,72.4,Medium
6.25,79.4,85.3,7.5,68.1,2.1,Yes,Graduate,56.4,Medium
4.3,85.4,70.9,6.4,96.0,5.6,Yes,Graduate,74.8,Medium
4.92,65.7,61.1,7.0,84.0,3.0,Yes,Graduate,67.7,Medium
4.3,74.9,79.3,4.0,84.9,0.5,Yes,Graduate,80.4,High
9.2,58.0,54.4,6.2,50.8,5.5,Yes,Graduate,61.4,Medium
5.47,82.8,74.7,7.5,54.7,4.5,Yes,Graduate,75.2,High
3.38,85.8,75.1,5.8,29.4,4.1,Yes,Diploma,72.3,Medium
7.15,72.2,82.8,7.1,59.9,4.4,Yes,Diploma,67.7,Medium
3.06,96.9,100.0,7.5,86.4,7.8,Yes,Diploma,88.7,High
5.92,63.3,73.5,6.6,79.8,7.4,Yes,Graduate,70.0,Medium
1.58,60.4,60.9,7.2,68.7,1.6,Yes,Diploma,54.9,Low
2.84,80.7,67.6,5.8,71.7,6.2,Yes,Diploma,64.1,Medium
5.89,90.6,43.2,6.8,61.7,3.8,Yes,High School,64.1,Medium
6.98,98.2,58.3,7.7,75.1,4.0,Yes,Graduate,98.0,High
5.84,72.5,62.3,7.2,83.5,0.0,Yes,High School,75.5,High
5.27,90.9,60.7,6.3,47.8,2.7,Yes,High School,74.1,Medium
4.9,77.5,70.1,7.3,76.5,1.4,Yes,Diploma,75.2,High
2.54,75.9,56.5,7.9,86.0,4.7,Yes,High School,58.0,Medium
4.06,88.6,83.7,4.5,65.8,5.1,Yes,Graduate,77.2,High
4.58,85.8,68.0,8.4,82.5,0.0,Yes,Diploma,81.6,High
7.61,59.1,67.9,6.6,100.0,3.0,Yes,Diploma,71.1,Medium
6.19,95.7,63.4,7.5,70.4,5.2,Yes,Graduate,85.9,High
1.97,94.6,70.2,8.4,77.9,2.6,Yes,High School,77.0,High
6.15,70.5,79.6,5.4,60.9,4.5,Yes,High School,81.2,High
4.73,82.7,55.9,6.1,74.7,3.7,Yes,Postgraduate,69.4,Medium
4.15,83.9,58.8,6.7,78.9,3.7,Yes,Diploma,64.6,Medium
6.72,81.1,63.7,6.1,74.9,2.5,Yes,Diploma,71.9,Medium
7.56,71.4,49.2,9.1,56.7,0.6,Yes,High School,75.7,High
7.36,69.9,56.5,6.0,75.1,0.8,Yes,Graduate,59.7,Medium
3.82,77.7,61.3,6.3,93.9,4.4,Yes,Graduate,61.0,Medium
4.88,92.1,80.2,7.2,78.7,3.0,Yes,Graduate,81.3,High
6.16,84.5,71.7,5.6,86.4,2.7,Yes,Graduate,76.1,High
7.45,73.6,70.7,6.5,68.4,2.2,Yes,High School,72.9,Medium
4.54,87.3,79.9,7.4,83.2,2.4,Yes,Diploma,84.1,High
5.13,43.8,66.1,6.6,76.2,5.1,Yes,Graduate,61.1,Medium
3.29,91.8,73.5,6.9,57.7,2.3,Yes,Postgraduate,61.1,Medium
3.11,57.1,66.6,6.4,76.8,0.3,Yes,High School,72.4,Medium
7.13,73.7,71.7,5.2,57.1,4.5,Yes,Graduate,66.1,Medium
8.21,64.6,59.8,7.4,62.5,2.6,Yes,High School,62.9,Medium
5.36,62.5,33.9,9.1,74.8,3.1,Yes,High School,68.8,Medium
7.51,91.9,66.1,7.0,76.5,6.2,Yes,Diploma,79.9,High
6.22,72.4,87.9,7.3,54.2,3.0,Yes,High School,72.0,Medium
4.21,82.2,81.0,7.8,87.8,3.6,No,Graduate,80.5,High
6.22,77.4,81.5,5.5,80.6,0.6,Yes,Graduate,83.2,High
8.58,83.7,85.3,9.0,61.4,2.6,Yes,High School,80.3,High
5.43,78.9,69.2,7.2,48.9,4.2,No,High School,75.4,High
8.63,62.6,70.8,9.0,69.8,0.0,Yes,Graduate,62.7,Medium
0.5,90.0,59.4,6.1,65.3,3.4,Yes,High School,66.6,Medium
7.14,72.1,63.6,9.2,73.7,3.2,Yes,Graduate,71.5,Medium
5.67,59.3,76.6,7.9,66.6,3.1,Yes,Diploma,77.7,High
4.9,72.9,84.9,7.7,41.9,5.1,Yes,Graduate,71.3,Medium
5.68,96.0,66.0,7.3,66.2,3.7,Yes,Diploma,73.0,Medium
1.52,88.2,61.7,6.7,67.4,6.0,Yes,High School,70.2,Medium
5.06,73.8,68.0,8.4,81.5,1.0,Yes,High School,77.3,High
6.21,73.8,76.4,7.2,61.5,3.3,Yes,High School,75.6,High
8.46,74.1,47.8,4.6,97.2,3.2,Yes,Diploma,69.0,Medium
4.46,100.0,35.9,5.7,43.3,0.9,Yes,Graduate,59.8,Medium
3.88,82.6,60.3,6.8,91.7,4.9,Yes,Diploma,73.9,Medium
4.5,83.2,50.9,7.4,68.6,7.6,Yes,High School,69.3,Medium
7.33,90.4,60.9,6.9,84.9,3.0,No,Graduate,83.8,High
6.16,80.9,65.9,8.5,73.2,4.0,Yes,Graduate,65.2,Medium
4.44,74.9,61.7,4.7,89.1,3.2,Yes,Postgraduate,73.6,Medium
6.53,75.6,88.3,7.2,66.2,1.6,Yes,Graduate,75.8,High
5.69,77.1,72.6,4.8,55.5,0.0,Yes,Graduate,62.7,Medium
7.44,77.6,72.2,7.9,93.3,1.6,Yes,Graduate,77.9,High
4.1,86.7,76.7,6.9,70.3,0.2,No,Postgraduate,71.3,Medium
4.84,78.6,52.1,7.5,75.3,6.4,Yes,Graduate,50.4,Low
4.72,86.8,82.5,6.0,90.5,2.8,Yes,Diploma,75.2,High
2.57,77.0,66.9,8.5,56.5,2.3,Yes,High School,58.7,Medium
6.09,78.9,77.4,8.3,80.9,4.8,Yes,Diploma,83.1,High
6.02,54.0,53.0,7.7,63.2,0.8,Yes,Graduate,57.5,Medium
5.51,89.0,46.2,6.8,70.0,1.5,Yes,Graduate,69.3,Medium
5.03,82.2,79.5,7.7,73.1,3.1,Yes,Graduate,86.7,High
2.67,90.0,73.3,6.2,49.5,5.1,Yes,High School,72.7,Medium
4.66,43.2,55.4,8.0,60.3,4.0,Yes,Graduate,64.2,Medium
4.81,100.0,55.8,9.0,92.3,3.5,Yes,Graduate,79.1,High
3.9,76.3,83.8,8.3,85.3,3.2,Yes,Diploma,80.0,High
5.18,91.3,51.3,6.1,71.1,3.8,Yes,Graduate,71.0,Medium
6.31,65.5,91.0,7.4,75.6,3.4,Yes,Diploma,75.8,High
9.27,85.4,55.4,5.4,67.6,0.9,Yes,Postgraduate,79.7,High
5.85,65.4,76.9,7.7,92.3,3.1,No,Graduate,71.9,Medium
6.02,70.5,63.4,7.5,69.0,0.9,Yes,Graduate,79.2,High
5.35,100.0,76.4,4.8,75.5,3.2,No,Graduate,76.9,High
1.66,75.7,60.4,5.6,89.2,2.0,Yes,Postgraduate,70.6,Medium
5.45,80.6,65.7,6.7,60.3,8.1,No,Graduate,80.3,High
5.62,88.4,68.6,6.6,95.4,2.9,Yes,Diploma,86.3,High
10.0,83.9,54.0,5.5,49.0,0.2,No,Graduate,62.4,Medium
5.12,79.8,78.4,7.5,96.4,2.7,Yes,High School,81.6,High
6.1,82.4,60.8,7.3,66.4,4.0,Yes,Diploma,78.1,High
5.43,100.0,64.8,6.8,68.4,6.3,No,Postgraduate,84.0,High
3.16,77.3,54.1,6.1,43.6,1.8,Yes,Graduate,52.3,Low
7.79,80.4,32.1,8.3,65.2,0.0,Yes,Diploma,63.9,Medium
7.0,90.6,65.3,9.0,56.4,4.6,Yes,High School,82.9,High
7.08,91.3,100.0,6.4,62.9,0.2,No,Diploma,75.8,High
3.68,92.2,79.0,6.3,69.9,2.1,Yes,Diploma,72.4,Medium
8.31,85.7,67.7,7.6,86.4,2.5,Yes,High School,91.4,High
2.7,64.3,64.3,6.6,75.1,2.9,Yes,Graduate,63.7,Medium
6.67,97.6,68.3,6.8,76.6,4.4,Yes,Diploma,77.4,High
9.88,64.2,75.7,7.9,55.6,1.6,Yes,Graduate,71.0,Medium
3.52,81.6,51.5,4.7,58.8,2.5,Yes,Diploma,63.2,Medium
4.37,68.9,83.6,8.6,99.0,3.0,Yes,Postgraduate,72.4,Medium
5.7,77.2,78.0,7.1,61.0,3.3,No,Diploma,69.5,Medium
4.49,81.9,78.1,6.5,96.8,3.2,Yes,High School,79.7,High
2.4,81.9,74.1,6.9,68.4,3.9,Yes,High School,75.8,High
5.64,83.1,68.3,7.0,72.0,4.7,Yes,Graduate,80.1,High
3.38,97.4,77.4,4.9,88.1,3.8,Yes,Graduate,74.5,Medium
6.45,83.4,76.3,8.8,91.1,3.9,Yes,Diploma,90.8,High
3.66,75.1,63.0,7.0,70.3,0.0,Yes,Diploma,63.8,Medium
8.6,89.6,60.0,7.5,66.2,3.1,Yes,High School,70.7,Medium
3.93,92.3,69.4,8.1,71.2,4.0,Yes,Graduate,75.5,High
4.86,63.3,89.7,5.8,77.1,4.5,Yes,Graduate,82.2,High
7.13,85.2,50.7,7.6,85.4,1.6,Yes,High School,76.3,High
3.04,86.4,47.5,6.7,72.1,1.7,Yes,High School,64.1,Medium
5.95,74.4,70.3,8.0,81.3,1.9,Yes,High School,84.0,High
8.11,94.5,68.7,4.4,96.6,4.1,Yes,High School,75.4,High
2.29,76.2,70.4,6.9,77.7,5.1,Yes,Graduate,62.2,Medium
5.87,79.5,71.4,6.3,76.7,2.2,Yes,High School,63.5,Medium
6.02,75.9,64.9,7.5,49.2,4.8,Yes,Diploma,71.4,Medium
7.06,78.2,88.9,7.6,32.5,3.2,Yes,High School,72.8,Medium
3.03,64.8,45.6,6.2,77.8,2.8,Yes,Postgraduate,71.0,Medium
2.86,60.7,56.4,6.1,70.6,2.6,Yes,Postgraduate,62.6,Medium
6.54,97.1,66.6,6.9,64.3,4.5,Yes,High School,75.2,High
6.09,67.8,45.0,5.9,75.7,3.7,Yes,Diploma,65.8,Medium
6.0,66.1,65.5,8.0,71.1,7.6,Yes,High School,72.4,Medium
6.19,52.2,91.3,6.6,88.9,1.3,Yes,Graduate,64.8,Medium
4.14,70.3,68.3,4.0,73.3,4.0,Yes,High School,81.1,High
5.96,62.1,71.2,6.6,60.8,1.9,Yes,Graduate,70.6,Medium
6.09,97.7,50.4,5.8,86.9,1.3,Yes,Graduate,78.4,High
4.07,90.1,59.4,5.0,68.7,3.0,Yes,Postgraduate,74.6,Medium
9.23,69.7,62.7,5.5,79.9,3.3,Yes,High School,79.3,High
6.45,100.0,63.6,7.1,64.8,8.8,Yes,Graduate,81.3,High
3.12,89.8,85.9,8.6,62.3,2.6,Yes,Graduate,72.2,Medium
6.81,74.1,75.8,7.4,73.3,0.7,Yes,High School,77.7,High
3.55,48.0,52.4,6.3,72.2,3.5,Yes,Diploma,59.2,Medium
7.07,100.0,71.5,7.5,79.2,0.0,Yes,High School,77.0,High
7.82,61.3,75.0,6.4,68.0,2.8,Yes,Diploma,80.7,High
3.86,58.3,84.0,6.2,44.5,3.0,Yes,Diploma,63.1,Medium
7.43,90.3,90.1,5.6,65.5,4.6,Yes,Graduate,87.9,High
6.33,100.0,53.8,4.9,83.9,4.9,Yes,Diploma,86.7,High
7.14,94.6,56.6,6.5,67.5,2.0,Yes,Postgraduate,78.0,High
9.29,84.8,50.4,7.2,68.3,2.7,Yes,High School,77.7,High
5.01,85.1,64.7,6.9,86.8,1.5,Yes,Postgraduate,81.9,High
3.99,88.2,74.5,6.5,61.3,0.7,Yes,High School,65.1,Medium
3.72,87.1,81.8,5.9,48.9,3.6,Yes,Graduate,70.9,Medium
3.87,81.4,66.9,7.7,69.6,0.5,Yes,Diploma,70.1,Medium
5.35,79.3,63.5,5.4,64.7,2.2,Yes,High School,61.5,Medium
6.18,77.2,70.1,7.9,57.5,1.0,Yes,Postgraduate,87.0,High
6.05,69.0,56.3,5.8,69.4,4.1,Yes,Diploma,58.9,Medium
7.15,74.6,97.3,6.1,79.4,6.6,Yes,Graduate,76.7,High
5.53,57.7,45.5,5.2,71.9,0.4,No,Graduate,65.8,Medium
8.41,76.8,70.6,6.4,76.6,0.0,Yes,Graduate,82.2,High
4.97,66.1,96.3,8.2,99.2,2.8,Yes,Graduate,75.9,High
10.0,64.8,68.1,7.6,66.9,3.0,No,Graduate,79.3,High
6.75,80.2,65.3,8.2,76.2,3.4,Yes,High School,84.9,High
3.79,94.7,63.0,7.6,64.4,2.1,Yes,Graduate,72.6,Medium
3.36,89.0,65.5,5.7,59.3,2.6,Yes,Postgraduate,84.8,High
6.46,59.2,87.2,6.6,63.2,3.7,Yes,High School,60.2,Medium
5.05,66.1,37.0,6.1,64.8,5.1,Yes,High School,63.5,Medium
6.93,89.3,89.5,8.6,77.4,0.0,Yes,Graduate,92.2,High
6.45,66.2,48.1,5.6,100.0,2.3,Yes,Diploma,75.8,High
5.35,75.3,64.3,8.1,61.3,3.4,Yes,Diploma,68.7,Medium
3.81,84.6,62.0,8.1,65.8,1.2,No,High School,64.2,Medium
2.47,66.4,76.2,9.2,71.1,6.5,Yes,Graduate,73.1,Medium
4.61,79.3,45.6,6.5,77.9,1.7,Yes,High School,70.4,Medium
7.21,62.0,74.5,7.9,76.0,2.9,Yes,Graduate,78.8,High
5.93,70.8,96.3,9.7,91.3,4.1,Yes,Graduate,92.0,High
3.01,81.8,48.9,6.3,35.6,1.8,Yes,Diploma,50.3,Low
5.85,58.9,70.7,5.2,36.2,0.0,No,Graduate,55.6,Medium
6.27,83.3,58.7,4.7,64.6,2.1,Yes,Postgraduate,65.6,Medium
3.73,77.8,74.0,7.9,88.5,5.1,Yes,Graduate,74.5,Medium
5.81,84.6,68.3,4.7,48.5,2.3,Yes,Graduate,74.9,Medium
5.62,80.7,59.0,6.6,26.9,1.3,Yes,Diploma,61.9,Medium
3.21,94.4,74.8,7.5,80.6,4.9,Yes,Graduate,94.4,High
6.22,79.5,93.3,7.2,75.7,2.3,Yes,High School,80.6,High
6.62,72.8,65.3,7.5,55.6,2.0,Yes,High School,68.7,Medium
7.67,79.5,78.1,7.3,57.2,3.3,Yes,High School,76.2,High
7.61,84.5,49.9,8.5,57.5,4.5,Yes,Diploma,69.8,Medium
2.74,78.6,54.6,5.9,73.7,7.8,Yes,Graduate,67.1,Medium
3.62,78.5,74.6,6.2,62.6,4.7,Yes,Diploma,75.7,High
6.53,69.6,88.8,6.1,79.4,5.3,Yes,Graduate,80.1,High
6.53,70.0,73.0,8.0,29.2,2.0,Yes,Graduate,61.5,Medium
6.53,61.2,63.6,8.1,59.1,0.9,Yes,Graduate,61.7,Medium
10.0,99.0,68.0,7.5,55.1,3.1,No,Diploma,79.1,High
6.64,63.1,50.5,8.4,68.2,3.2,No,Graduate,66.8,Medium
7.77,69.7,76.5,5.6,63.9,0.8,Yes,Diploma,79.3,High
7.41,69.4,80.4,9.0,84.0,2.6,Yes,High School,71.5,Medium
6.8,88.7,61.7,8.8,44.1,3.8,Yes,Postgraduate,73.3,Medium
4.87,74.5,61.4,7.9,72.7,3.7,Yes,High School,70.3,Medium
7.02,93.0,71.7,9.1,80.4,4.0,Yes,High School,72.7,Medium
3.95,69.9,61.9,5.0,99.8,3.6,Yes,Postgraduate,67.1,Medium
5.03,81.3,67.1,6.4,64.8,2.0,Yes,Diploma,65.8,Medium
4.53,68.0,97.4,6.1,76.9,2.0,No,Graduate,68.3,Medium
5.66,100.0,64.5,7.9,44.9,0.6,Yes,Diploma,73.7,Medium
10.0,63.7,63.0,5.7,36.1,6.6,Yes,Diploma,68.0,Medium
1.77,81.7,58.9,7.9,84.7,3.0,Yes,Diploma,65.0,Medium
6.87,85.6,78.4,8.6,71.9,2.6,Yes,Diploma,83.5,High
2.27,83.0,65.5,7.8,89.7,1.1,Yes,Diploma,81.4,High
4.56,75.8,58.9,7.3,51.4,8.9,Yes,Graduate,78.3,High
7.68,76.4,86.5,5.8,79.8,0.9,Yes,Graduate,68.9,Medium
5.63,78.5,87.9,6.0,100.0,2.1,Yes,Postgraduate,87.0,High
3.34,76.2,59.6,8.5,78.3,3.8,Yes,High School,67.5,Medium
4.07,89.6,41.9,7.9,76.1,4.2,Yes,Graduate,71.8,Medium
6.86,100.0,82.1,7.0,72.1,4.9,Yes,Graduate,83.9,High
4.04,71.3,58.4,6.5,48.4,6.6,Yes,Postgraduate,65.3,Medium
5.93,61.6,79.1,4.6,92.3,4.0,Yes,High School,73.3,Medium
5.59,76.9,40.4,5.7,62.8,0.9,Yes,Graduate,59.8,Medium
4.2,100.0,80.5,9.3,79.6,2.5,Yes,Postgraduate,79.3,High
9.79,68.4,51.0,5.5,48.6,3.6,Yes,High School,64.3,Medium
6.77,97.7,78.2,7.2,54.3,7.1,Yes,Postgraduate,84.8,High
1.45,98.1,68.2,8.2,93.5,0.2,Yes,High School,77.7,High
5.87,71.4,54.6,5.5,66.8,5.4,Yes,Graduate,73.2,Medium
4.18,84.8,62.3,7.2,93.8,3.4,Yes,Postgraduate,74.7,Medium
7.2,97.5,77.6,8.1,70.8,4.7,Yes,Graduate,87.7,High
3.91,73.5,69.5,7.0,44.4,2.8,Yes,Diploma,69.0,Medium
5.27,75.6,76.2,10.0,85.4,1.3,Yes,High School,84.1,High
6.51,71.0,95.7,5.0,63.2,4.5,Yes,Postgraduate,77.2,High
7.23,65.8,46.1,8.3,82.5,4.3,Yes,Graduate,71.2,Medium
3.1,70.2,90.6,6.8,72.4,4.9,Yes,High School,72.1,Medium
4.83,63.3,69.5,7.9,48.9,3.0,Yes,Graduate,58.0,Medium
4.55,78.4,55.4,7.5,74.5,1.8,Yes,Graduate,68.5,Medium
4.19,68.8,49.4,6.1,100.0,0.0,Yes,High School,70.3,Medium
9.03,80.8,65.4,7.3,79.4,4.6,Yes,High School,84.6,High
6.31,59.3,80.9,4.8,71.1,3.8,Yes,High School,67.1,Medium
2.98,82.0,66.2,7.7,88.1,1.1,Yes,Graduate,74.1,Medium
7.34,88.0,89.2,7.4,75.2,1.9,Yes,Graduate,79.9,High
9.74,54.1,47.7,7.8,75.1,2.1,Yes,Graduate,75.2,High
7.56,82.5,67.8,8.3,55.6,0.0,Yes,Graduate,74.6,Medium
2.46,92.7,50.5,7.4,75.5,1.4,Yes,Postgraduate,68.1,Medium
4.53,63.5,73.1,7.2,87.5,0.7,Yes,Graduate,68.9,Medium
8.03,98.1,80.4,5.9,59.5,2.2,Yes,High School,80.2,High
4.08,83.0,62.1,6.1,93.4,1.5,No,Graduate,69.2,Medium
6.39,69.5,31.5,8.4,70.6,0.0,Yes,Diploma,67.4,Medium
7.05,77.3,70.8,8.7,58.7,7.0,Yes,Graduate,75.5,High
3.65,84.7,74.1,6.7,87.0,5.5,Yes,Graduate,87.0,High
5.38,78.9,73.7,7.1,67.7,1.4,Yes,Diploma,81.1,High
0.5,84.5,85.3,5.9,83.4,3.5,Yes,Postgraduate,67.3,Medium
3.45,67.0,53.0,8.4,67.6,3.8,Yes,High School,62.9,Medium
4.99,80.0,77.5,7.8,71.1,5.4,No,Graduate,71.3,Medium
3.0,61.0,84.7,9.3,79.4,1.4,Yes,High School,67.1,Medium
8.76,76.7,43.1,5.9,76.4,5.2,Yes,Postgraduate,87.6,High
2.64,67.2,72.5,6.5,42.1,1.9,Yes,High School,55.6,Medium
4.62,69.2,60.9,7.3,55.2,0.3,Yes,High School,63.7,Medium
5.76,92.8,66.9,7.8,85.9,4.4,Yes,Diploma,84.5,High
8.38,91.1,72.9,6.7,70.0,5.6,Yes,Diploma,77.2,High
2.63,85.3,61.2,6.0,64.1,8.2,Yes,High School,61.8,Medium
7.83,64.9,58.5,8.1,51.6,0.6,Yes,Graduate,60.6,Medium
5.52,74.2,68.5,7.9,55.8,4.4,Yes,Diploma,64.7,Medium
3.54,92.6,52.8,5.9,41.7,2.2,Yes,High School,44.1,Low
6.42,79.7,52.8,8.6,70.5,4.6,Yes,Diploma,76.8,High
5.9,100.0,77.5,8.4,63.0,0.1,Yes,Graduate,93.0,High
4.3,82.7,51.9,7.2,57.5,0.5,Yes,Graduate,66.1,Medium
5.64,80.3,77.3,7.1,71.0,1.4,Yes,Graduate,67.2,Medium
4.73,74.3,74.5,7.7,77.5,3.2,Yes,Graduate,70.6,Medium
5.73,79.6,43.8,6.0,100.0,1.7,Yes,Diploma,69.3,Medium
6.82,76.2,58.5,7.0,49.3,4.3,Yes,High School,61.4,Medium
8.67,86.5,84.7,4.4,89.4,5.1,Yes,Diploma,91.5,High
3.02,89.5,54.3,8.1,86.6,4.2,Yes,Graduate,78.8,High
9.77,68.6,61.5,5.1,60.3,6.2,Yes,Postgraduate,68.7,Medium
1.6,62.0,74.5,8.8,75.0,3.8,Yes,Graduate,70.7,Medium
5.2,56.0,79.0,6.6,65.1,0.6,Yes,High School,73.5,Medium
6.68,84.1,64.5,6.7,74.8,5.7,Yes,High School,87.7,High
6.06,64.8,59.6,6.2,94.6,1.8,Yes,Diploma,88.4,High
4.25,52.2,87.9,6.7,81.1,4.8,Yes,Graduate,65.5,Medium
5.08,82.7,92.3,8.7,79.6,6.1,Yes,High School,99.3,High
4.51,100.0,81.7,4.0,65.5,3.9,Yes,Postgraduate,76.1,High
4.32,77.9,69.2,8.5,49.7,0.0,Yes,Diploma,62.7,Medium
7.2,88.1,56.7,7.4,68.9,1.2,Yes,Postgraduate,78.8,High
6.21,79.0,56.4,5.6,90.1,5.6,Yes,Graduate,72.6,Medium
4.11,76.8,75.3,5.7,49.1,2.7,Yes,Graduate,68.7,Medium
7.3,89.0,73.9,9.0,56.2,3.2,Yes,Graduate,72.2,Medium
6.11,74.5,87.6,5.9,73.9,4.5,No,Graduate,74.6,Medium
7.13,81.2,77.1,5.6,57.2,4.4,Yes,Graduate,83.5,High
6.76,81.9,47.0,8.4,60.1,3.6,Yes,Graduate,71.2,Medium
3.84,70.0,82.7,7.4,65.6,2.6,Yes,Graduate,71.4,Medium
4.38,89.9,54.0,5.9,51.5,2.4,Yes,Postgraduate,70.2,Medium
6.99,75.9,62.6,7.3,57.4,4.7,Yes,Graduate,79.7,High
6.72,68.9,71.5,5.8,82.6,4.1,Yes,Graduate,65.5,Medium
5.46,84.4,95.9,8.3,52.4,2.5,Yes,Postgraduate,83.1,High
5.73,67.2,100.0,8.3,48.0,5.2,Yes,High School,72.0,Medium
8.06,78.3,76.5,7.6,62.5,2.7,Yes,High School,77.8,High
4.32,77.9,65.4,7.4,83.0,1.3,Yes,Graduate,79.0,High
6.59,91.0,75.5,9.1,69.0,1.5,Yes,Graduate,74.5,Medium
5.1,83.7,80.4,7.0,65.0,1.0,Yes,Graduate,68.8,Medium
5.06,77.7,63.5,5.6,72.7,2.5,Yes,Diploma,57.6,Medium
7.7,87.8,93.1,7.5,45.8,5.5,Yes,Graduate,79.1,High
7.15,94.7,71.2,9.5,79.4,1.4,Yes,Graduate,93.1,High
7.13,84.7,75.0,5.8,77.8,3.4,Yes,High School,77.3,High
8.11,78.1,77.3,6.6,65.9,1.7,Yes,Graduate,70.0,Medium
5.54,62.3,73.9,7.5,87.1,2.5,Yes,Graduate,70.9,Medium
6.86,65.2,79.7,6.9,55.1,0.0,No,High School,57.2,Medium
4.88,74.3,59.4,5.8,88.9,2.6,Yes,Graduate,64.8,Medium
6.15,70.7,60.2,8.3,74.3,2.6,Yes,Graduate,74.9,Medium
5.24,75.8,52.6,9.8,67.0,4.1,Yes,High School,62.4,Medium
5.69,78.7,74.2,7.2,71.7,3.4,Yes,High School,80.6,High
6.69,84.4,78.9,5.9,70.4,0.6,Yes,Postgraduate,77.9,High
3.86,77.2,74.4,5.1,90.3,5.2,Yes,Diploma,74.2,Medium
9.68,83.8,91.4,7.3,55.8,3.4,Yes,High School,81.5,High
3.49,78.8,67.9,8.3,60.6,3.4,Yes,High School,72.1,Medium
3.07,54.3,77.4,7.6,87.5,3.0,Yes,Graduate,73.0,Medium
7.82,66.7,52.7,7.0,63.1,2.0,Yes,Graduate,71.0,Medium
7.08,76.3,62.6,6.3,85.5,3.4,Yes,Graduate,80.4,High
6.75,63.5,77.7,5.7,97.5,4.0,Yes,High School,74.9,Medium
6.76,85.2,79.9,8.0,66.0,0.0,Yes,Postgraduate,83.0,High
5.48,96.4,63.9,8.1,82.2,1.9,Yes,Diploma,77.4,High
3.71,92.6,67.0,5.1,54.7,2.5,Yes,Diploma,67.7,Medium
5.65,75.4,46.7,8.9,83.3,3.5,Yes,Graduate,71.3,Medium
4.15,95.9,63.0,7.7,75.0,5.4,Yes,Diploma,73.8,Medium
7.45,79.8,80.5,8.7,79.1,1.5,No,Postgraduate,77.5,High
5.21,74.0,76.1,5.4,62.3,2.0,Yes,Postgraduate,73.5,Medium
3.85,70.6,75.0,5.4,47.1,2.0,Yes,Diploma,69.8,Medium
4.86,74.4,68.7,6.8,79.5,1.4,Yes,Postgraduate,80.1,High
6.33,73.3,68.1,7.6,41.0,2.3,Yes,Graduate,60.3,Medium
4.37,80.0,58.8,9.2,67.2,4.5,Yes,Postgraduate,80.8,High
3.86,79.9,77.8,7.8,86.1,0.9,No,High School,70.0,Medium
5.99,78.0,73.9,6.7,74.9,3.9,Yes,Graduate,80.1,High
5.99,83.2,74.9,5.8,100.0,0.0,No,Diploma,71.9,Medium
4.49,92.3,60.6,8.5,87.4,1.9,Yes,Graduate,79.0,High
4.56,89.4,37.9,5.8,62.2,2.3,Yes,High School,64.9,Medium
5.96,60.2,83.4,9.0,72.4,6.3,Yes,Graduate,67.6,Medium
2.6,47.4,61.3,6.7,71.3,2.5,Yes,Diploma,60.2,Medium
2.69,89.2,55.9,8.9,48.3,0.0,Yes,Diploma,71.8,Medium
4.06,61.6,77.7,7.8,57.9,0.0,Yes,Graduate,64.0,Medium
5.07,75.3,62.5,6.8,63.6,3.1,Yes,Postgraduate,78.2,High
6.12,64.0,82.8,6.4,41.5,4.2,Yes,Graduate,66.8,Medium
8.45,56.4,76.6,6.6,72.7,3.8,Yes,Postgraduate,81.0,High
7.22,84.5,77.6,7.5,68.3,3.3,Yes,Diploma,66.2,Medium
5.18,87.1,48.9,7.1,46.9,5.3,Yes,Graduate,82.1,High
5.46,71.1,85.0,6.3,78.1,1.9,Yes,Graduate,84.3,High
3.49,46.9,71.7,6.8,82.7,4.8,Yes,High School,61.2,Medium
5.46,71.4,62.8,7.1,75.4,0.0,Yes,Graduate,58.0,Medium
4.92,82.7,70.0,4.4,67.1,1.2,Yes,Graduate,71.6,Medium
6.15,60.3,43.1,7.5,80.9,0.0,Yes,Graduate,56.5,Medium
3.85,80.2,73.7,5.8,82.2,2.5,Yes,Graduate,75.8,High
6.54,77.8,53.6,5.6,76.6,2.9,Yes,Graduate,74.2,Medium
8.57,85.0,49.1,5.0,59.6,3.2,Yes,High School,64.9,Medium
5.28,79.4,46.7,4.8,76.1,3.1,No,High School,70.4,Medium
6.3,66.3,83.6,5.4,89.9,1.1,Yes,Graduate,81.1,High
6.88,92.4,59.2,6.1,63.1,2.6,Yes,Diploma,80.2,High
4.7,76.1,89.5,9.3,100.0,0.0,No,High School,78.8,High
5.95,77.7,60.5,6.4,64.1,5.7,Yes,Diploma,62.3,Medium
5.53,66.8,44.1,7.2,72.5,2.4,Yes,Graduate,71.1,Medium
5.7,72.7,52.4,7.5,61.9,2.0,No,Diploma,62.4,Medium
3.95,67.4,85.3,7.2,75.3,6.2,Yes,Graduate,65.7,Medium
5.55,75.9,65.8,6.9,45.9,0.5,Yes,Graduate,74.2,Medium
6.5,98.5,60.3,5.6,63.8,0.7,Yes,Diploma,86.9,High
8.4,61.5,70.2,8.7,55.6,0.8,Yes,Graduate,71.8,Medium
7.42,58.6,75.0,9.2,74.0,2.9,Yes,Graduate,88.6,High
9.81,95.7,83.6,5.0,86.9,3.9,Yes,Graduate,91.7,High
3.97,75.5,88.3,5.8,81.7,4.5,Yes,Graduate,73.8,Medium
7.24,70.0,63.0,6.7,36.4,8.1,Yes,High School,62.7,Medium
5.87,90.5,49.4,5.8,100.0,0.0,Yes,Graduate,86.4,High
9.88,70.7,62.2,7.6,76.4,4.2,Yes,Diploma,74.6,Medium
3.88,99.9,71.6,6.1,60.4,1.9,Yes,Postgraduate,79.3,High
3.82,86.1,54.5,9.6,74.4,1.8,Yes,Graduate,69.0,Medium
4.3,72.1,54.6,8.4,74.6,1.8,Yes,Graduate,65.4,Medium
1.25,100.0,72.8,7.3,62.0,1.2,Yes,Diploma,75.7,High
4.45,70.7,67.3,8.2,75.0,6.4,Yes,High School,68.8,Medium
3.98,86.9,68.5,8.3,62.9,4.7,Yes,Diploma,70.4,Medium
5.8,81.6,57.4,6.3,65.9,3.0,Yes,Graduate,77.7,High
6.18,93.6,64.8,6.0,61.7,5.7,Yes,Diploma,85.4,High
9.25,96.7,55.1,7.1,50.5,0.0,Yes,Graduate,80.9,High
7.4,78.4,80.5,8.0,74.2,0.3,Yes,High School,74.1,Medium
4.35,69.0,82.5,7.2,80.8,0.0,Yes,Postgraduate,70.5,Medium
3.7,83.5,42.2,5.1,79.7,1.6,No,High School,61.7,Medium
6.48,69.9,55.0,6.0,84.3,3.3,Yes,Postgraduate,74.8,Medium
2.86,100.0,47.0,6.9,76.9,3.2,Yes,Postgraduate,66.5,Medium
9.16,79.6,58.9,6.9,64.0,3.3,Yes,Graduate,81.4,High
7.86,73.6,66.8,9.4,84.6,0.2,Yes,Graduate,80.3,High
4.56,80.2,47.7,5.3,51.6,4.6,No,Diploma,49.8,Low
2.07,61.8,55.1,7.6,58.5,3.5,Yes,Graduate,52.6,Low
8.21,66.3,53.9,8.8,57.5,4.5,Yes,Diploma,67.7,Medium
5.27,92.4,70.9,9.7,88.2,0.0,Yes,Diploma,80.9,High
7.98,70.1,69.0,6.5,86.1,3.6,Yes,Graduate,90.1,High
2.31,65.4,57.9,7.6,79.3,0.6,Yes,Graduate,64.4,Medium
4.3,84.4,70.5,7.7,88.1,2.2,Yes,Graduate,72.2,Medium
5.51,92.2,60.3,7.2,58.8,4.1,Yes,Diploma,74.4,Medium
5.59,86.6,64.2,6.9,77.2,3.2,Yes,Diploma,73.3,Medium
4.6,90.0,91.4,7.5,70.1,1.3,Yes,High School,79.7,High
6.75,68.9,86.8,4.0,84.7,3.0,Yes,High School,78.5,High
3.36,60.9,49.8,7.8,70.3,0.0,Yes,Diploma,66.2,Medium
5.22,96.0,79.6,7.2,66.2,5.3,Yes,High School,78.7,High
5.74,74.1,79.4,6.7,80.1,2.6,Yes,High School,84.4,High
6.53,75.0,51.9,9.5,85.1,5.2,Yes,Graduate,82.7,High
6.92,93.9,79.5,6.2,62.0,1.9,Yes,High School,73.6,Medium
3.25,84.7,89.5,6.5,71.1,2.0,Yes,Graduate,88.2,High
2.43,83.5,52.3,9.4,56.1,1.5,Yes,Diploma,65.6,Medium
8.06,100.0,55.2,6.0,34.5,4.8,Yes,Postgraduate,69.9,Medium
6.16,70.3,82.2,6.3,75.0,1.6,Yes,Graduate,84.9,High
4.0,89.1,71.8,6.8,81.1,4.3,Yes,Diploma,88.6,High
8.6,78.7,75.7,8.0,75.9,2.2,Yes,Graduate,82.3,High
5.73,81.2,72.8,7.2,42.8,0.0,Yes,Diploma,64.8,Medium
7.86,96.3,73.5,5.4,66.7,1.9,Yes,Graduate,80.0,High
5.64,84.1,49.4,6.4,38.7,0.6,Yes,High School,65.3,Medium
9.62,84.5,82.7,6.3,92.5,3.1,Yes,Postgraduate,98.1,High
9.01,90.9,84.4,6.9,55.7,0.6,Yes,Diploma,85.0,High
5.0,73.6,64.8,7.5,90.8,4.9,Yes,Diploma,75.6,High
7.44,67.9,67.4,7.5,86.2,2.8,Yes,Graduate,86.4,High
6.79,65.5,46.6,4.9,58.5,2.6,Yes,Diploma,59.8,Medium
8.24,54.4,75.2,8.3,55.0,4.3,Yes,Graduate,78.2,High
3.57,100.0,76.0,7.3,77.3,4.9,Yes,Graduate,78.6,High
6.87,64.8,67.1,8.7,59.3,3.0,Yes,Graduate,73.9,Medium
7.62,75.3,83.7,7.5,73.5,1.5,Yes,High School,77.5,High
1.98,74.7,63.3,8.3,64.8,0.0,Yes,Graduate,63.3,Medium
3.13,81.7,75.9,7.6,45.3,1.6,Yes,Graduate,64.4,Medium
1.42,87.8,53.7,8.6,38.5,1.8,No,High School,64.2,Medium
4.96,88.3,67.7,7.6,75.4,3.2,No,High School,68.5,Medium
6.94,71.0,65.6,6.9,63.6,2.3,Yes,Diploma,66.1,Medium
8.5,76.0,71.2,9.7,63.7,4.4,Yes,Postgraduate,94.6,High
5.65,81.4,62.8,8.1,82.4,1.8,Yes,Diploma,81.1,High
8.76,75.0,66.2,7.7,89.6,2.9,Yes,Graduate,68.1,Medium
2.74,97.3,79.6,5.5,67.9,5.4,Yes,High School,70.0,Medium
2.09,83.9,61.9,5.5,66.9,3.7,Yes,Diploma,53.7,Low
5.39,86.8,45.5,7.4,79.5,2.9,Yes,Graduate,67.0,Medium
6.27,86.0,92.5,7.2,51.6,1.8,Yes,Postgraduate,60.3,Medium
5.43,92.1,87.3,6.3,75.3,1.7,Yes,Graduate,80.2,High
1.37,80.2,49.9,7.2,80.3,1.3,Yes,Graduate,56.9,Medium
5.32,62.4,77.7,8.9,82.2,1.9,Yes,Graduate,74.8,Medium
2.89,82.8,61.0,7.8,42.9,4.5,No,High School,50.7,Low
6.84,70.2,71.7,5.6,60.6,2.6,Yes,Diploma,70.3,Medium
6.23,71.7,72.1,6.9,58.8,0.3,Yes,Graduate,67.4,Medium
3.62,85.0,64.7,6.0,73.5,6.5,Yes,Postgraduate,82.6,High
4.47,92.9,57.0,6.5,79.2,3.6,Yes,Postgraduate,84.3,High
3.38,78.3,58.3,6.5,94.5,0.2,Yes,High School,73.0,Medium
5.37,81.7,55.2,6.4,64.6,2.1,Yes,High School,65.1,Medium
7.41,98.4,56.4,5.5,64.5,3.2,Yes,High School,87.2,High
3.53,80.9,67.1,6.8,89.2,6.4,Yes,Postgraduate,67.3,Medium
6.51,100.0,58.0,6.3,76.4,0.8,Yes,Postgraduate,71.1,Medium
4.44,84.8,77.5,4.0,91.0,5.0,No,Graduate,75.0,Medium
3.91,56.9,88.8,9.5,76.3,5.8,Yes,Diploma,86.7,High
5.29,87.0,59.9,8.3,54.6,1.7,No,Graduate,68.0,Medium
3.43,82.6,71.4,6.5,52.0,2.4,Yes,Graduate,66.1,Medium
4.39,93.5,75.0,7.0,48.7,0.9,Yes,Diploma,62.2,Medium
3.1,86.1,74.6,5.6,81.9,2.6,Yes,Graduate,79.1,High
9.43,76.3,69.1,9.0,89.8,2.9,Yes,High School,89.7,High
5.57,63.3,78.4,9.3,99.7,4.3,Yes,High School,83.1,High
4.1,75.5,74.8,7.2,84.6,5.2,Yes,Postgraduate,72.9,Medium
5.93,67.8,50.7,8.2,89.4,1.5,Yes,Graduate,67.4,Medium
5.28,71.0,80.2,7.2,63.3,0.0,Yes,Diploma,62.1,Medium
5.06,85.1,80.4,5.4,54.7,3.0,Yes,Graduate,72.9,Medium
6.73,98.0,57.3,6.5,84.8,3.6,Yes,Diploma,73.9,Medium
7.02,82.7,68.5,7.2,78.3,3.5,Yes,Graduate,72.4,Medium
4.44,63.6,77.6,6.5,73.6,2.3,Yes,Graduate,66.7,Medium
4.35,83.3,65.1,6.7,77.8,3.2,Yes,Graduate,70.5,Medium
4.95,92.4,83.0,6.9,76.8,6.0,Yes,Graduate,79.1,High
0.9,70.7,100.0,6.9,91.3,3.8,Yes,High School,75.2,High
2.47,76.4,57.0,7.1,91.4,2.3,Yes,Diploma,68.3,Medium
8.23,78.2,48.7,5.7,80.2,2.0,Yes,Graduate,72.4,Medium
8.79,68.6,72.3,6.1,84.7,2.7,Yes,Diploma,79.4,High
5.0,85.8,78.1,5.5,79.7,6.3,Yes,Graduate,72.8,Medium
6.65,76.5,64.8,8.2,65.1,2.6,Yes,Diploma,73.8,Medium
6.12,83.0,88.3,4.5,83.3,3.0,Yes,High School,79.2,High
10.0,67.4,49.3,8.4,51.1,2.0,No,Diploma,59.3,Medium
7.74,72.8,77.7,8.7,87.8,5.2,Yes,Postgraduate,91.2,High
5.24,86.7,59.5,6.6,54.1,6.9,Yes,High School,64.4,Medium
3.59,73.5,92.1,4.0,76.3,3.9,Yes,Graduate,73.1,Medium
2.29,98.7,95.9,6.6,59.3,3.2,Yes,Diploma,82.9,High
5.91,73.2,57.3,6.9,80.3,3.1,Yes,High School,75.8,High
3.99,80.7,60.3,5.8,71.5,0.0,Yes,Graduate,67.3,Medium
2.66,89.2,80.0,6.4,48.1,4.5,No,Graduate,65.4,Medium
4.21,61.0,62.6,8.8,78.3,3.3,Yes,Graduate,74.2,Medium
3.34,56.9,67.4,7.8,63.3,3.9,No,Postgraduate,66.2,Medium
8.87,59.7,68.4,5.9,85.2,1.6,Yes,Diploma,70.7,Medium
7.26,93.2,41.1,5.1,72.0,2.2,Yes,High School,66.0,Medium
5.48,71.4,67.8,6.6,77.9,2.2,Yes,Postgraduate,60.6,Medium
8.46,100.0,58.3,6.7,57.6,5.0,Yes,Diploma,80.8,High
5.65,71.2,61.1,7.6,63.2,2.2,Yes,Graduate,68.4,Medium
3.78,80.2,88.2,6.4,65.1,7.2,No,Graduate,80.4,High
8.55,96.5,50.4,7.6,84.9,3.9,Yes,Diploma,85.2,High
6.58,100.0,79.4,9.3,97.2,0.4,Yes,Graduate,98.3,High
3.43,100.0,64.1,8.0,59.9,2.7,Yes,High School,67.4,Medium
5.12,92.5,64.1,6.9,88.2,1.7,Yes,Diploma,84.5,High
3.75,90.3,79.1,6.8,39.5,0.0,Yes,High School,62.9,Medium
2.73,85.1,72.8,6.6,54.1,6.2,Yes,Graduate,73.9,Medium
7.35,87.3,76.0,8.4,57.6,4.4,Yes,High School,69.8,Medium
9.32,71.4,81.6,6.2,51.7,4.1,Yes,Graduate,78.7,High
2.7,68.2,63.4,7.1,48.2,3.3,Yes,Postgraduate,49.4,Low
6.63,78.0,59.4,7.1,78.2,0.2,Yes,Graduate,72.0,Medium
4.2,76.0,52.8,6.4,68.8,2.0,No,Graduate,66.3,Medium
4.53,72.6,56.4,5.4,77.7,4.7,Yes,Graduate,65.0,Medium
4.32,86.4,100.0,7.4,82.4,0.9,Yes,Diploma,75.0,Medium
3.77,89.5,85.4,6.9,76.0,0.0,Yes,Graduate,81.8,High
5.6,79.1,49.1,7.6,81.9,2.5,Yes,Graduate,71.6,Medium
3.84,95.7,49.5,6.4,71.0,2.7,Yes,Postgraduate,68.6,Medium
6.04,64.3,74.7,8.5,54.2,3.3,Yes,Postgraduate,71.5,Medium
5.4,75.7,75.7,5.9,87.9,4.5,Yes,Postgraduate,94.1,High
5.02,69.4,75.7,9.1,63.2,4.3,Yes,Postgraduate,80.9,High
3.68,55.6,64.4,4.9,58.0,3.5,Yes,Graduate,65.6,Medium
4.35,77.0,66.2,7.5,69.3,5.4,Yes,Graduate,74.7,Medium
7.01,76.5,72.6,7.6,58.3,0.0,Yes,Postgraduate,75.3,High
6.5,96.2,69.2,6.0,65.7,4.0,Yes,Diploma,63.7,Medium
3.54,85.6,36.9,7.5,77.2,4.3,Yes,Postgraduate,64.5,Medium
5.7,65.7,64.8,8.5,77.2,0.5,Yes,Diploma,67.3,Medium
7.0,100.0,56.1,4.3,58.5,0.0,No,Graduate,59.7,Medium
2.16,92.7,70.5,7.6,64.7,1.5,Yes,Graduate,63.7,Medium
6.59,85.0,100.0,4.0,88.1,1.7,Yes,Postgraduate,73.2,Medium
4.17,75.3,73.1,5.8,79.4,4.5,Yes,High School,70.4,Medium
6.64,66.5,63.6,9.0,100.0,1.8,Yes,Graduate,83.3,High
3.97,73.5,80.9,6.3,89.7,1.3,No,Graduate,79.1,High
1.89,91.1,74.8,5.6,89.2,1.8,Yes,Diploma,75.1,High
2.24,100.0,73.9,6.8,51.2,5.2,Yes,Graduate,66.1,Medium
5.6,96.5,76.5,9.5,83.5,3.0,Yes,Graduate,74.0,Medium
6.02,72.1,96.8,4.8,71.2,2.6,Yes,Graduate,66.1,Medium
3.69,64.6,52.2,5.7,63.7,2.8,No,Diploma,49.5,Low
6.78,79.7,74.6,8.8,74.5,5.6,Yes,Graduate,76.1,High
2.18,56.8,55.0,9.2,86.2,1.5,Yes,Graduate,62.2,Medium
5.37,81.9,75.8,6.9,79.5,5.6,Yes,Diploma,71.8,Medium
3.08,76.2,55.1,5.5,58.8,3.4,Yes,High School,62.0,Medium
4.2,72.4,62.2,9.5,83.1,2.7,Yes,Postgraduate,72.6,Medium
5.59,58.9,63.9,8.9,62.4,8.0,Yes,Graduate,70.1,Medium
3.78,84.2,81.7,7.8,75.3,0.9,No,Graduate,80.5,High
4.73,71.6,80.9,6.0,67.4,2.3,Yes,Diploma,62.9,Medium
7.51,64.0,50.6,6.9,68.7,0.5,Yes,Diploma,69.0,Medium
4.35,43.5,68.8,6.8,83.5,4.9,No,Diploma,62.0,Medium
7.17,77.7,58.1,7.4,56.4,6.4,Yes,Diploma,70.3,Medium
3.24,99.3,50.4,8.7,100.0,6.3,Yes,Graduate,85.9,High
6.56,97.9,65.0,8.1,44.7,5.4,Yes,Graduate,82.5,High
8.38,72.5,63.7,5.7,63.0,2.6,Yes,Graduate,67.3,Medium
0.56,70.8,100.0,8.7,77.6,2.3,Yes,High School,69.0,Medium
3.91,83.6,74.1,7.4,80.8,0.0,No,Graduate,74.0,Medium
6.65,66.0,48.7,7.8,70.5,7.1,Yes,High School,67.0,Medium
5.09,81.6,60.1,8.8,71.1,3.9,Yes,High School,75.7,High
6.24,87.2,82.3,5.7,78.2,2.0,Yes,Postgraduate,82.7,High
4.29,92.7,97.2,7.0,68.5,5.7,Yes,Graduate,93.6,High
5.67,76.8,45.8,6.4,92.9,1.1,Yes,Graduate,62.1,Medium
5.19,75.6,41.7,5.1,84.6,3.8,Yes,Diploma,65.9,Medium
7.84,67.5,94.2,7.4,85.1,2.7,No,Postgraduate,77.0,High
6.01,68.1,73.5,10.0,57.5,4.3,Yes,Graduate,77.3,High
6.18,75.3,55.8,4.8,70.8,2.9,Yes,Graduate,59.2,Medium
4.68,82.4,75.5,7.0,67.5,0.1,Yes,Diploma,73.7,Medium
4.52,89.0,31.1,7.8,56.9,3.2,Yes,Postgraduate,61.8,Medium
4.63,68.4,68.0,7.1,77.4,5.1,Yes,Graduate,67.2,Medium
6.29,95.9,72.6,6.9,63.9,2.9,Yes,Postgraduate,71.6,Medium
4.66,74.7,80.9,5.4,81.8,4.6,Yes,High School,70.4,Medium
6.08,77.7,53.8,7.3,55.9,0.9,Yes,Diploma,73.0,Medium
9.65,69.0,69.2,6.1,97.8,2.9,Yes,Diploma,81.9,High
7.24,48.9,55.0,4.4,58.6,1.8,Yes,Diploma,62.6,Medium
4.85,88.6,71.6,8.4,75.3,4.5,Yes,Postgraduate,90.0,High
7.9,86.8,55.5,8.2,83.9,3.1,Yes,High School,80.8,High
4.68,74.6,62.3,7.1,63.4,4.4,Yes,High School,63.6,Medium
1.42,78.8,54.1,7.3,84.8,5.2,Yes,Diploma,69.1,Medium
3.48,84.2,77.1,8.3,53.6,4.4,Yes,High School,66.7,Medium
1.76,59.2,80.0,7.3,93.8,3.5,Yes,High School,64.1,Medium
4.8,71.7,64.7,8.1,72.2,1.0,Yes,Graduate,60.8,Medium
5.54,87.5,68.5,6.6,63.1,3.0,Yes,Graduate,79.9,High
8.85,62.9,47.7,8.6,67.5,1.9,Yes,High School,66.8,Medium
6.15,81.5,63.8,7.4,84.1,2.3,Yes,Diploma,77.4,High
5.06,61.7,67.3,7.2,63.2,2.3,Yes,Diploma,59.0,Medium
7.16,83.6,100.0,5.5,60.8,1.0,Yes,High School,81.1,High
1.08,77.6,52.4,7.3,68.7,0.0,No,Graduate,53.7,Low
5.97,58.6,88.5,6.0,54.3,1.7,Yes,Graduate,67.5,Medium
7.04,92.0,82.0,6.2,99.3,3.4,Yes,Graduate,93.5,High
2.54,69.2,71.9,6.0,63.5,0.3,Yes,Graduate,67.4,Medium
7.79,68.3,92.6,5.7,84.5,3.0,No,High School,77.5,High
6.18,80.4,73.2,9.5,75.1,6.8,Yes,Postgraduate,72.1,Medium
4.67,91.8,73.4,8.6,57.2,5.0,Yes,Graduate,94.8,High
6.77,65.8,67.3,9.3,71.9,6.3,Yes,Postgraduate,87.7,High
10.0,78.7,85.1,5.5,83.8,3.8,Yes,High School,89.3,High
5.86,83.1,83.4,7.1,69.2,5.3,Yes,Postgraduate,76.2,High
6.0,86.3,59.2,5.4,89.9,1.6,Yes,Graduate,75.5,High
4.58,80.1,49.5,6.2,87.3,1.7,Yes,Graduate,66.8,Medium
3.8,73.6,65.2,5.9,85.8,0.0,Yes,High School,74.4,Medium
7.16,68.1,56.8,8.5,65.1,5.4,Yes,Graduate,74.2,Medium
3.79,79.0,67.1,6.5,55.8,6.1,Yes,Postgraduate,64.7,Medium
5.64,65.1,85.3,8.3,62.8,1.9,Yes,Graduate,70.1,Medium
4.54,42.9,61.6,7.7,74.9,2.5,Yes,Graduate,68.4,Medium
6.46,83.2,67.4,9.8,80.2,1.5,Yes,Postgraduate,90.9,High
6.17,88.8,68.8,5.2,39.4,3.8,Yes,Diploma,78.3,High
7.58,49.6,79.9,8.5,71.9,5.2,No,Graduate,77.2,High
4.48,65.9,36.5,8.4,74.4,0.0,Yes,Graduate,60.3,Medium
4.96,85.4,59.5,5.8,67.8,3.8,Yes,Postgraduate,52.8,Low
3.54,100.0,71.0,8.2,91.4,2.4,Yes,High School,81.5,High
4.61,78.2,84.8,7.4,78.3,3.2,Yes,Graduate,77.5,High
6.25,69.3,61.1,6.7,91.7,3.9,Yes,Graduate,76.0,High
7.01,75.8,41.7,6.0,68.8,2.6,Yes,Graduate,68.4,Medium
3.66,94.5,76.7,6.1,86.1,2.8,Yes,Graduate,70.7,Medium
7.24,70.2,59.1,9.5,96.5,2.6,Yes,Postgraduate,84.1,High
8.21,68.4,51.3,7.0,91.7,4.9,Yes,Postgraduate,81.8,High
6.33,72.2,59.3,7.9,55.6,3.8,Yes,High School,71.7,Medium
9.25,66.6,65.4,6.1,68.2,3.4,Yes,Diploma,79.8,High
3.95,79.5,59.5,6.1,66.8,0.5,Yes,High School,67.7,Medium
3.01,97.5,37.1,8.3,79.3,2.2,Yes,Diploma,66.7,Medium
1.94,81.9,80.6,5.4,82.3,4.8,Yes,Graduate,72.0,Medium
8.49,75.0,85.8,6.5,59.4,3.1,Yes,Postgraduate,80.6,High
6.81,74.5,77.1,7.0,73.0,4.3,Yes,Graduate,78.5,High
5.39,59.2,52.1,7.1,41.7,6.5,Yes,High School,64.5,Medium
6.06,88.6,65.2,6.8,93.6,5.1,Yes,High School,84.0,High
3.25,77.1,67.9,7.5,64.3,3.2,Yes,Graduate,80.8,High
10.0,75.8,76.4,7.8,72.8,2.0,Yes,Graduate,96.7,High
5.76,100.0,77.4,7.9,67.4,0.0,Yes,Diploma,80.2,High
5.72,81.6,57.7,5.8,89.2,2.7,Yes,Postgraduate,52.8,Low
6.95,69.0,69.1,6.7,29.4,2.3,Yes,Postgraduate,73.2,Medium
6.46,72.9,74.4,8.4,71.8,3.8,Yes,Diploma,72.8,Medium
5.95,91.8,88.4,8.1,70.4,2.7,Yes,Postgraduate,79.5,High
3.92,79.4,77.9,5.4,65.2,2.4,Yes,Diploma,66.6,Medium
6.44,60.7,79.0,7.4,97.9,0.0,Yes,Graduate,74.3,Medium
9.26,89.0,69.2,4.6,58.7,1.1,Yes,Graduate,81.4,High
8.19,70.0,87.7,7.1,83.6,4.0,Yes,High School,72.0,Medium
8.69,100.0,73.7,9.3,77.3,6.4,Yes,Postgraduate,86.4,High
4.48,91.0,55.9,5.9,90.9,2.8,Yes,Graduate,77.3,High
3.52,72.6,87.6,6.0,62.0,3.7,Yes,Graduate,73.9,Medium
5.25,93.4,77.8,7.9,61.0,4.9,Yes,Diploma,82.1,High
5.61,78.8,61.8,5.1,88.4,1.4,Yes,High School,66.6,Medium
7.69,88.2,61.3,6.2,78.4,3.7,Yes,High School,71.9,Medium
2.12,83.8,72.2,7.7,48.8,1.5,Yes,Graduate,62.3,Medium
8.56,67.8,74.5,6.2,63.9,4.7,Yes,Graduate,77.6,High
5.18,70.3,70.8,6.7,77.8,3.3,Yes,Diploma,80.4,High
4.65,90.4,72.4,7.9,84.6,3.6,Yes,Graduate,67.9,Medium
3.48,74.0,91.8,7.5,61.8,1.4,Yes,Graduate,70.4,Medium
2.19,73.2,83.0,7.3,28.3,4.4,Yes,Graduate,53.9,Low
7.15,66.5,70.7,6.6,79.8,7.2,Yes,Graduate,67.3,Medium
5.65,83.1,81.2,7.4,53.7,1.0,Yes,Postgraduate,80.8,High
2.92,100.0,53.5,6.9,41.7,2.3,Yes,Graduate,68.7,Medium
2.91,65.2,73.6,7.5,29.5,3.5,Yes,Graduate,61.6,Medium
4.83,78.3,93.3,6.4,84.2,4.6,No,High School,82.2,High
8.84,94.9,64.9,6.8,73.9,1.9,Yes,Diploma,79.4,High
4.98,77.0,56.1,5.8,68.6,0.0,No,High School,59.8,Medium
2.49,83.4,58.9,7.0,92.8,5.7,No,Graduate,84.3,High
5.01,65.3,52.7,6.0,81.6,4.5,Yes,High School,64.0,Medium
4.95,83.1,57.0,5.7,96.2,0.0,Yes,Diploma,77.1,High
0.5,75.8,62.8,7.3,51.1,1.8,Yes,Graduate,58.4,Medium
5.39,89.8,48.3,7.3,71.5,6.1,Yes,Diploma,62.0,Medium
5.04,92.2,68.2,7.9,47.7,5.9,Yes,High School,60.1,Medium
6.89,100.0,80.6,6.5,68.6,4.9,No,High School,77.3,High
9.2,85.0,55.3,7.5,68.3,2.6,Yes,Graduate,85.3,High
7.75,81.9,89.3,7.7,81.4,3.2,Yes,High School,88.8,High
4.96,80.3,75.2,7.5,72.7,2.7,Yes,Graduate,80.9,High
3.29,73.8,82.4,6.0,81.4,5.3,Yes,Graduate,67.7,Medium
10.0,82.1,58.8,7.2,82.6,1.2,Yes,Graduate,91.9,High
5.62,74.5,80.0,7.4,100.0,1.4,Yes,Graduate,74.9,Medium
5.53,80.0,52.7,7.0,67.3,5.0,Yes,Graduate,72.2,Medium
5.45,93.8,80.5,4.5,57.9,2.9,Yes,High School,73.2,Medium
5.9,65.9,70.4,7.2,75.7,5.8,Yes,Diploma,71.7,Medium
5.21,91.7,75.7,9.7,60.0,1.7,Yes,Diploma,85.2,High
4.35,93.8,51.5,6.6,94.2,2.9,Yes,High School,70.1,Medium
4.41,76.6,55.5,6.1,67.8,1.2,Yes,Diploma,56.7,Medium
5.43,52.5,76.4,7.4,63.5,3.0,Yes,Diploma,66.1,Medium
4.41,70.7,54.7,7.4,64.9,0.0,Yes,Graduate,61.8,Medium
4.07,93.6,74.5,8.4,82.8,2.0,Yes,Graduate,100.0,High
5.71,77.7,48.9,5.5,69.6,0.1,Yes,Diploma,69.3,Medium
4.99,66.0,79.9,7.9,62.4,4.4,Yes,Graduate,69.1,Medium
8.51,71.9,50.7,7.7,97.0,4.4,Yes,Diploma,72.6,Medium
0.5,88.1,75.7,6.8,59.2,0.0,Yes,Diploma,52.6,Low
7.68,84.6,76.8,7.4,72.5,5.7,Yes,Graduate,77.0,High
7.99,75.1,58.2,8.2,81.8,8.0,Yes,High School,79.5,High
1.35,73.6,76.1,8.0,47.5,3.1,Yes,High School,69.5,Medium
4.81,73.3,71.6,5.6,79.2,1.7,Yes,Diploma,77.0,High
4.76,66.9,60.5,8.0,56.2,8.6,No,Postgraduate,68.5,Medium
2.68,97.4,53.9,6.9,84.3,0.4,Yes,Graduate,70.0,Medium
3.94,74.1,40.5,7.1,57.6,3.0,Yes,High School,60.5,Medium
3.28,92.6,72.9,7.1,82.4,3.4,Yes,Graduate,74.0,Medium
9.0,96.3,46.1,6.8,88.6,5.7,Yes,Graduate,95.0,High
7.37,90.0,69.3,8.4,84.9,3.7,Yes,Graduate,83.9,High
8.04,72.8,64.3,6.9,75.8,2.0,Yes,Graduate,75.6,High
6.94,82.8,77.5,5.7,68.5,1.1,Yes,Diploma,62.4,Medium
3.24,77.7,63.8,6.5,63.4,2.3,Yes,High School,62.8,Medium
4.45,67.2,63.4,7.2,94.1,1.0,No,Graduate,74.3,Medium
6.48,81.9,78.2,8.5,61.5,3.1,Yes,Graduate,71.7,Medium
3.06,63.9,72.7,7.7,56.4,1.9,Yes,Graduate,58.8,Medium
6.93,92.3,72.4,6.0,82.0,0.0,Yes,Graduate,85.4,High
5.02,72.4,74.6,10.0,60.1,5.5,Yes,Postgraduate,66.6,Medium
4.75,80.4,46.5,7.3,57.7,2.0,Yes,Postgraduate,72.5,Medium
6.92,81.4,78.6,8.5,50.3,0.5,Yes,Postgraduate,73.2,Medium
6.39,74.9,76.6,6.8,64.8,2.7,Yes,Graduate,72.1,Medium
4.78,85.0,53.8,7.6,70.8,3.1,Yes,Postgraduate,65.9,Medium
7.82,72.3,64.6,8.0,75.6,0.0,Yes,High School,75.9,High
3.34,88.5,67.4,8.5,86.3,3.7,Yes,Diploma,90.9,High
6.73,61.8,66.1,8.3,79.9,0.9,Yes,Graduate,77.4,High
6.69,79.5,72.7,8.0,69.1,6.4,Yes,Graduate,74.2,Medium
4.88,100.0,88.0,6.6,69.0,4.0,Yes,Graduate,89.4,High
6.15,66.0,83.1,6.3,79.7,2.2,Yes,Graduate,73.3,Medium
3.0,69.9,49.6,7.4,91.1,1.5,Yes,High School,72.5,Medium
7.35,84.2,76.7,8.1,73.9,2.8,Yes,Diploma,85.8,High
5.13,80.2,86.6,6.7,65.0,4.2,Yes,Graduate,58.9,Medium
4.45,82.2,73.4,8.3,57.1,2.9,Yes,High School,64.3,Medium
7.6,83.9,83.3,8.7,50.3,2.6,Yes,Diploma,84.2,High
4.09,85.6,96.2,5.9,82.0,3.1,Yes,Diploma,80.3,High
2.68,91.3,82.3,6.0,80.7,1.8,Yes,Diploma,68.4,Medium
2.39,82.9,71.5,6.8,80.7,2.3,Yes,Graduate,67.6,Medium
6.71,75.1,82.6,7.4,70.1,0.0,Yes,Diploma,64.2,Medium
2.94,86.1,70.0,6.4,93.1,4.9,Yes,Graduate,75.7,High
9.01,100.0,68.3,8.6,64.7,3.6,Yes,High School,97.9,High
1.34,76.4,63.1,7.5,86.3,1.5,Yes,Graduate,72.0,Medium
8.89,66.3,89.9,7.0,71.4,6.8,Yes,Diploma,95.2,High
5.92,91.3,56.5,5.3,62.9,3.2,Yes,Graduate,77.4,High
5.31,76.6,89.5,5.4,80.9,0.9,Yes,Graduate,82.9,High
4.41,51.9,75.0,7.3,78.1,4.7,Yes,High School,78.1,High
6.3,88.2,48.4,4.4,77.4,3.8,Yes,Postgraduate,75.7,High
5.42,71.6,73.1,8.2,73.2,3.8,Yes,Graduate,73.5,Medium
7.71,76.9,38.6,6.8,71.4,2.1,Yes,Diploma,75.3,High
5.73,82.0,76.8,10.0,100.0,3.9,Yes,High School,92.8,High
5.8,80.3,80.4,9.8,89.8,2.5,Yes,Postgraduate,81.7,High
4.77,86.5,59.7,6.8,82.8,4.1,Yes,Graduate,71.0,Medium
5.39,72.8,69.7,6.9,73.7,0.0,No,High School,67.9,Medium
6.12,84.2,95.4,8.2,87.1,2.1,Yes,Diploma,90.2,High
2.08,74.9,60.9,9.0,79.8,6.4,Yes,Graduate,75.1,High
2.8,86.9,53.2,5.0,72.4,1.5,Yes,Graduate,56.8,Medium
6.99,85.4,88.7,4.9,67.4,1.8,Yes,Graduate,90.7,High
5.84,66.8,95.5,6.3,70.8,2.1,Yes,Diploma,70.8,Medium
5.13,91.0,68.1,7.7,24.4,0.6,Yes,Graduate,65.0,Medium
5.54,71.6,82.2,7.6,75.2,0.0,Yes,Diploma,68.3,Medium
6.2,87.7,86.8,8.3,64.7,2.5,Yes,High School,95.5,High
4.42,82.4,57.6,5.6,95.9,3.3,No,Graduate,73.5,Medium
3.94,100.0,61.2,4.2,72.3,2.9,Yes,Postgraduate,68.6,Medium
5.89,75.3,85.2,8.0,54.2,2.7,Yes,Diploma,78.8,High
3.54,73.8,91.6,6.0,71.3,3.1,Yes,Graduate,77.6,High
6.32,77.8,75.9,4.6,56.3,5.0,Yes,Graduate,71.1,Medium
2.09,74.4,55.7,7.2,79.1,2.6,Yes,Graduate,70.2,Medium
7.56,87.6,95.8,8.0,76.4,1.9,Yes,Graduate,82.4,High
6.45,58.6,60.6,6.9,86.4,2.4,Yes,Graduate,67.7,Medium
6.01,65.4,63.3,6.5,60.1,4.2,No,High School,51.5,Low
7.47,65.2,72.8,6.8,72.5,5.8,Yes,Postgraduate,69.0,Medium
8.83,89.4,89.8,6.6,51.5,1.7,Yes,Graduate,93.3,High
7.53,98.5,80.0,5.4,82.5,3.2,Yes,Postgraduate,97.1,High
1.82,76.7,73.8,6.1,79.8,3.7,Yes,Graduate,69.3,Medium
2.94,76.0,74.5,7.6,79.4,1.0,Yes,Postgraduate,82.0,High
4.25,78.8,68.6,7.4,72.0,3.0,Yes,High School,69.2,Medium
5.55,91.9,75.8,7.2,78.2,0.1,Yes,Diploma,76.8,High
6.54,66.9,32.6,5.8,96.1,0.0,Yes,Postgraduate,68.0,Medium
4.05,80.9,63.8,6.8,67.7,3.7,Yes,High School,67.4,Medium
5.87,89.7,71.4,4.4,74.1,2.2,Yes,High School,72.4,Medium
3.99,84.0,51.9,7.2,55.7,3.4,Yes,Graduate,73.0,Medium
4.28,80.3,73.4,8.7,59.0,3.0,Yes,Graduate,73.2,Medium
2.69,90.0,65.1,5.2,73.5,1.0,Yes,High School,71.1,Medium
3.65,45.6,92.6,6.3,88.6,2.9,Yes,Postgraduate,76.4,High
2.8,86.1,90.0,7.4,68.2,0.5,Yes,Graduate,76.6,High
3.55,70.2,61.5,8.5,68.5,5.8,Yes,Graduate,62.8,Medium
7.61,56.0,65.9,6.5,65.9,0.3,Yes,Graduate,59.5,Medium
3.6,84.1,67.0,6.2,64.0,2.6,Yes,Diploma,68.9,Medium
10.0,94.5,61.7,4.6,76.4,0.9,Yes,High School,79.4,High
6.49,76.4,70.7,7.1,49.5,4.1,Yes,Diploma,71.2,Medium
5.87,89.4,57.4,9.5,91.2,2.3,Yes,Graduate,81.0,High
3.78,97.3,52.2,7.3,62.0,2.0,Yes,Graduate,85.8,High
6.9,93.8,76.7,7.0,82.8,4.7,Yes,Graduate,77.5,High
4.35,97.7,76.8,7.4,53.0,3.1,Yes,Graduate,63.6,Medium
5.74,86.9,56.7,7.0,82.0,4.0,Yes,Graduate,78.6,High
10.0,78.9,80.5,6.0,82.1,1.0,Yes,Graduate,82.5,High
5.31,58.8,59.2,8.0,77.8,0.2,Yes,High School,66.6,Medium
7.8,75.0,71.5,7.3,57.1,3.2,Yes,High School,76.6,High
4.09,67.9,79.5,7.0,75.7,2.4,Yes,Postgraduate,79.9,High
5.43,100.0,67.5,5.8,54.3,4.3,Yes,High School,64.4,Medium
9.04,75.9,74.4,8.6,68.2,2.8,Yes,High School,76.2,High
4.25,79.5,60.8,7.8,87.4,3.4,Yes,Graduate,76.8,High
9.12,84.6,65.2,6.3,84.0,0.0,Yes,Diploma,85.2,High
6.92,78.5,65.1,8.2,72.2,6.8,Yes,Postgraduate,93.0,High
4.38,98.3,57.5,6.4,57.4,2.7,Yes,Diploma,76.0,High
6.76,70.5,65.5,6.1,81.7,4.4,Yes,High School,72.6,Medium
7.45,80.3,46.3,6.1,72.3,1.3,Yes,Diploma,65.0,Medium
6.74,69.1,61.1,4.9,37.2,3.6,Yes,Graduate,59.7,Medium
2.36,62.2,64.0,7.6,83.7,0.4,Yes,Diploma,59.7,Medium
4.05,70.7,64.4,4.8,71.6,3.9,Yes,Graduate,70.3,Medium
5.0,77.6,64.6,5.5,90.0,2.3,Yes,Postgraduate,76.2,High
5.35,72.8,67.1,4.5,55.6,3.1,No,Postgraduate,57.0,Medium
6.74,69.7,74.7,6.9,24.3,4.4,Yes,Diploma,62.4,Medium
5.86,61.1,80.2,6.8,76.2,0.5,Yes,Graduate,76.9,High
2.83,77.0,58.9,6.6,76.4,1.6,Yes,Graduate,68.4,Medium
6.26,59.9,51.2,5.7,46.6,3.9,Yes,Postgraduate,64.8,Medium
6.72,87.1,53.4,5.6,57.3,7.2,Yes,Postgraduate,76.2,High
6.62,79.0,61.2,7.6,100.0,2.7,No,High School,86.2,High
7.66,60.5,63.1,6.3,67.4,4.2,Yes,Graduate,71.9,Medium
7.17,74.3,57.2,7.4,83.0,2.8,Yes,Diploma,72.3,Medium
6.42,69.0,49.9,5.9,62.2,6.9,Yes,High School,60.2,Medium
5.36,81.8,61.6,7.2,40.6,0.0,Yes,High School,65.0,Medium
2.18,94.1,70.5,8.6,69.4,3.2,Yes,Graduate,59.2,Medium
6.36,55.5,76.3,7.7,68.0,0.0,Yes,Graduate,68.0,Medium
5.92,79.4,60.2,6.5,66.0,0.0,No,High School,64.6,Medium
6.04,76.1,62.2,7.3,70.3,3.6,Yes,Graduate,64.8,Medium
2.95,86.1,55.0,6.7,76.0,3.3,No,Diploma,60.5,Medium
3.34,80.6,67.6,7.0,69.7,2.4,Yes,Graduate,74.5,Medium
7.61,69.0,56.1,6.6,53.0,2.8,Yes,Diploma,68.3,Medium
5.42,74.2,76.0,6.8,79.3,9.2,Yes,High School,77.1,High
6.86,68.4,43.0,7.3,42.8,2.5,Yes,Diploma,62.9,Medium
5.56,90.9,63.0,5.8,41.2,4.0,Yes,High School,67.9,Medium
5.56,78.3,72.2,5.8,83.1,1.7,Yes,Graduate,82.5,High
7.38,100.0,70.6,5.3,79.6,3.6,Yes,High School,82.6,High
4.47,77.3,100.0,5.1,71.1,2.5,Yes,Graduate,67.5,Medium
5.69,69.5,72.9,5.5,51.1,2.2,Yes,High School,74.4,Medium
4.58,59.8,53.9,7.2,61.4,6.6,No,Graduate,63.9,Medium
4.63,56.4,66.7,5.9,68.1,5.4,Yes,Graduate,61.5,Medium
4.88,59.0,43.1,7.6,48.1,3.3,Yes,High School,48.1,Low
5.94,81.2,66.9,7.0,60.9,0.0,Yes,Graduate,73.7,Medium
4.54,84.1,56.3,4.6,81.8,2.3,Yes,High School,67.6,Medium
8.01,59.0,80.8,7.8,93.4,8.4,Yes,Graduate,92.8,High
3.71,88.7,60.3,8.0,65.7,2.5,Yes,Diploma,68.1,Medium
5.13,72.2,66.4,5.8,83.3,5.2,Yes,Graduate,68.1,Medium
4.62,79.8,59.1,7.5,43.3,5.9,Yes,Graduate,72.1,Medium
8.39,97.3,92.3,6.0,81.9,3.4,Yes,Postgraduate,97.3,High
5.89,88.8,63.5,7.1,59.9,1.3,Yes,Graduate,74.2,Medium
7.56,74.8,93.7,5.5,76.6,0.0,Yes,Graduate,84.0,High
2.53,67.3,79.4,4.8,68.3,4.4,Yes,Diploma,64.3,Medium
6.03,52.2,74.7,6.5,91.8,1.4,Yes,Postgraduate,73.9,Medium
7.28,69.4,73.2,6.9,58.9,3.4,Yes,Graduate,79.9,High
5.66,75.5,73.5,6.5,81.4,0.5,Yes,Diploma,77.3,High
7.63,66.2,41.0,5.6,67.8,2.5,No,Graduate,62.6,Medium
4.47,76.4,64.1,6.5,69.6,3.1,Yes,Diploma,76.6,High
8.32,78.9,79.8,7.3,69.2,3.5,Yes,Graduate,67.4,Medium
10.0,75.3,67.3,6.9,59.3,0.8,Yes,Graduate,89.4,High
4.77,70.2,48.3,7.2,71.8,5.4,Yes,High School,54.9,Low
4.61,80.0,67.3,6.2,71.1,1.8,Yes,Graduate,67.0,Medium
8.41,83.3,91.9,8.4,75.6,0.0,Yes,Diploma,85.0,High
8.66,64.9,85.5,5.6,73.3,2.8,No,Diploma,74.3,Medium
4.45,94.9,67.1,7.6,84.0,3.1,Yes,Diploma,84.3,High
4.66,76.8,81.3,8.4,85.9,3.3,Yes,Graduate,72.7,Medium
4.94,78.2,62.9,7.6,56.2,5.7,Yes,High School,69.9,Medium
2.81,86.5,44.1,6.8,85.0,2.5,Yes,High School,62.5,Medium
3.66,80.8,55.1,6.4,54.2,2.8,Yes,Graduate,65.7,Medium
3.49,89.4,89.9,8.2,80.8,0.8,Yes,High School,77.5,High
3.96,81.4,64.2,5.3,81.3,4.6,Yes,High School,70.5,Medium
5.43,70.7,64.6,5.8,43.3,3.4,Yes,High School,58.7,Medium
5.97,82.3,63.8,6.5,73.4,2.2,Yes,Diploma,70.1,Medium
8.6,64.3,94.7,8.5,65.0,0.0,Yes,Graduate,81.5,High
3.5,79.3,90.8,7.5,60.6,5.9,Yes,High School,78.7,High
7.47,77.6,99.1,5.8,92.3,0.5,Yes,Postgraduate,82.9,High
5.07,75.5,65.8,6.6,62.2,1.8,Yes,Graduate,63.5,Medium
5.4,76.5,72.1,6.3,59.9,3.7,Yes,Diploma,73.8,Medium
6.85,55.4,46.8,6.1,73.1,0.6,Yes,Diploma,62.0,Medium
3.25,71.4,88.7,8.2,82.3,0.0,Yes,Diploma,78.0,High
6.26,79.1,51.7,5.4,69.9,0.0,Yes,Graduate,62.7,Medium
5.83,79.9,71.0,8.9,89.5,4.4,Yes,High School,68.9,Medium
6.48,65.7,52.6,8.0,80.0,1.9,Yes,High School,65.4,Medium
6.08,93.2,59.8,8.3,39.3,8.9,No,Postgraduate,69.2,Medium
10.0,67.6,56.3,6.4,64.1,1.0,Yes,Diploma,71.6,Medium
4.22,89.6,59.5,6.8,63.6,1.2,Yes,Diploma,65.1,Medium
4.44,83.1,60.5,5.3,79.2,1.9,Yes,Postgraduate,76.1,High
4.25,70.2,60.3,6.4,32.6,3.5,No,Graduate,55.5,Medium
4.39,99.3,79.7,7.6,100.0,2.1,Yes,Diploma,85.8,High
4.23,63.7,52.5,8.6,80.0,4.2,No,Graduate,66.6,Medium
7.88,89.0,71.1,5.7,74.2,1.0,No,High School,77.0,High
8.34,90.0,85.1,6.6,89.7,0.2,Yes,Graduate,87.4,High
4.36,70.0,60.8,6.8,100.0,0.0,Yes,Graduate,74.7,Medium
3.84,94.7,57.9,5.3,85.1,0.0,No,Graduate,65.7,Medium
6.44,75.0,64.8,7.7,86.2,2.0,Yes,Postgraduate,86.2,High
4.4,81.5,84.5,6.1,74.0,2.4,Yes,Postgraduate,75.0,High
6.77,81.1,70.7,6.8,69.9,1.7,Yes,Postgraduate,69.2,Medium
5.91,76.4,60.6,6.5,64.9,5.5,Yes,Graduate,72.6,Medium
2.47,87.7,74.8,6.1,59.6,5.5,Yes,Diploma,64.1,Medium
8.6,87.5,52.6,7.0,61.7,2.3,Yes,Graduate,80.0,High
9.09,57.0,77.5,6.7,51.7,0.0,Yes,Graduate,83.7,High
4.27,93.7,73.7,6.6,70.9,1.9,Yes,Postgraduate,72.1,Medium
4.72,58.1,63.7,6.1,46.7,1.8,Yes,High School,59.1,Medium
6.07,90.4,56.3,7.4,74.9,1.7,Yes,Postgraduate,66.3,Medium
6.17,91.5,55.6,9.0,71.5,1.6,Yes,Graduate,79.8,High
6.82,64.9,75.5,7.2,74.2,1.7,Yes,Postgraduate,69.6,Medium
9.52,73.1,85.2,8.2,64.2,2.2,Yes,Postgraduate,79.7,High
5.15,64.7,59.1,5.3,100.0,1.7,Yes,Diploma,63.0,Medium
3.9,75.4,74.4,7.2,92.4,3.4,No,High School,76.3,High
2.74,74.3,38.8,5.7,53.3,3.7,Yes,High School,60.5,Medium
4.04,87.4,59.8,5.2,75.5,1.2,Yes,Diploma,68.9,Medium
5.43,93.7,67.6,6.1,62.9,5.5,No,Graduate,69.2,Medium
9.09,94.7,55.3,8.4,56.8,1.0,No,Graduate,86.9,High
4.46,71.3,54.9,8.1,51.9,0.0,Yes,Postgraduate,59.1,Medium
5.95,75.5,58.7,7.3,78.5,3.8,Yes,Graduate,60.6,Medium
5.47,57.8,72.1,5.2,61.8,1.4,Yes,High School,64.8,Medium
7.88,68.3,65.4,6.8,86.5,3.6,Yes,High School,69.0,Medium
10.0,89.6,36.7,7.4,86.9,0.0,Yes,High School,83.8,High
4.44,97.4,38.3,7.2,92.6,5.8,Yes,Diploma,73.0,Medium
4.52,63.2,59.5,4.8,59.2,4.3,Yes,Graduate,65.3,Medium
7.59,70.9,74.4,5.9,79.1,0.0,Yes,High School,82.0,High
6.86,77.7,30.0,6.9,81.5,0.0,Yes,Diploma,59.7,Medium
9.19,81.4,61.0,7.6,64.9,6.3,No,High School,73.1,Medium
6.67,68.3,60.6,4.4,60.4,1.5,Yes,Graduate,65.2,Medium
4.78,83.1,87.4,6.8,96.1,1.3,No,Graduate,89.0,High
6.68,72.3,62.6,7.2,75.4,0.0,No,Graduate,66.4,Medium
7.72,77.8,73.4,8.0,81.5,2.3,Yes,Diploma,76.7,High
7.14,84.6,70.0,7.8,59.7,2.5,Yes,Postgraduate,80.8,High
6.51,78.1,38.2,7.7,53.7,4.4,Yes,High School,61.2,Medium
7.63,72.8,78.8,6.0,63.5,0.2,Yes,Graduate,75.2,High
7.84,76.7,71.0,4.7,70.1,0.0,Yes,Graduate,64.6,Medium
8.26,76.9,75.1,6.5,56.0,3.9,Yes,Graduate,89.9,High
6.8,73.6,100.0,8.2,71.9,5.0,No,Postgraduate,74.8,Medium
5.17,74.9,38.8,8.7,46.7,0.0,Yes,Diploma,57.9,Medium
5.79,97.2,92.1,7.9,55.2,5.2,Yes,Graduate,83.2,High
7.91,84.7,64.0,7.5,82.1,3.1,Yes,High School,91.0,High
3.87,74.5,72.0,7.5,81.1,5.2,Yes,Graduate,66.0,Medium
6.24,86.4,67.4,6.3,66.1,2.9,No,Diploma,84.1,High
4.71,74.0,62.1,6.8,56.7,0.0,Yes,High School,67.6,Medium
5.56,92.1,60.0,9.0,56.6,2.7,Yes,Graduate,77.2,High
8.06,82.4,72.6,5.9,66.4,5.1,Yes,Graduate,73.4,Medium
5.88,76.7,46.8,8.9,81.7,1.2,Yes,High School,73.7,Medium
5.59,83.4,78.5,6.6,85.9,2.2,Yes,Graduate,75.3,High
2.78,59.1,62.2,8.6,64.6,2.6,Yes,Graduate,69.7,Medium
6.99,64.5,52.2,5.3,54.7,0.0,Yes,High School,54.5,Low
6.79,63.7,61.7,7.7,76.0,6.3,No,Graduate,71.0,Medium
9.83,79.7,85.6,6.1,59.6,1.2,No,Graduate,76.2,High
4.88,98.8,60.5,5.3,64.2,4.0,Yes,Graduate,68.0,Medium
5.94,100.0,73.0,7.3,91.9,2.8,Yes,Diploma,89.3,High
6.0,85.7,57.8,8.2,84.4,5.5,Yes,Diploma,81.6,High
8.65,84.0,78.6,6.0,74.4,3.8,Yes,Graduate,90.4,High
5.31,56.4,77.6,5.2,52.9,2.5,Yes,Postgraduate,53.8,Low
6.06,71.5,93.9,6.9,75.2,1.2,Yes,Graduate,84.5,High
6.72,68.5,65.5,6.9,87.9,4.6,Yes,High School,89.5,High
5.87,70.5,77.4,7.7,66.4,0.0,Yes,Graduate,69.6,Medium
4.61,76.0,69.4,8.1,92.3,4.3,Yes,Postgraduate,89.9,High
5.89,72.3,86.1,6.9,91.4,0.8,Yes,High School,75.8,High
7.65,54.2,57.9,9.2,97.0,5.5,Yes,Postgraduate,69.8,Medium
3.45,87.0,78.4,7.3,76.6,3.3,Yes,Postgraduate,75.2,High
5.77,65.1,65.3,6.6,80.8,4.3,No,High School,74.2,Medium
4.1,80.9,67.1,5.1,93.2,3.2,Yes,Postgraduate,70.0,Medium
7.89,100.0,69.3,6.7,78.7,0.0,Yes,Diploma,79.3,High
2.45,67.0,71.5,6.6,64.5,1.3,Yes,Graduate,66.6,Medium
4.38,47.6,66.4,8.2,65.3,4.3,Yes,Diploma,62.2,Medium
6.25,74.6,71.0,7.6,75.6,3.3,Yes,Diploma,78.6,High
8.63,91.2,90.1,5.6,52.6,5.4,Yes,Graduate,85.1,High
5.37,100.0,81.8,7.2,69.9,3.8,Yes,Graduate,85.6,High
4.39,63.2,80.2,7.8,88.4,1.1,Yes,High School,68.7,Medium
9.26,84.0,61.6,8.8,39.1,1.4,Yes,Graduate,76.5,High
2.6,72.4,55.6,8.1,95.0,3.2,Yes,High School,62.3,Medium
1.1,76.7,81.4,7.9,88.8,0.0,Yes,Diploma,77.8,High
6.38,100.0,80.3,7.1,65.1,6.3,Yes,Diploma,79.6,High
4.5,60.0,88.6,7.5,80.2,3.9,Yes,Graduate,80.6,High
3.46,81.0,59.5,8.5,72.0,5.5,Yes,Diploma,69.3,Medium
6.92,83.6,64.8,5.4,90.4,0.0,Yes,High School,76.8,High
5.99,91.0,45.0,6.6,86.7,5.5,Yes,High School,71.9,Medium
4.37,79.2,62.5,6.1,51.0,7.5,Yes,High School,59.7,Medium
2.94,81.7,82.0,7.5,80.8,0.4,Yes,Graduate,63.5,Medium
7.24,73.3,61.5,8.5,68.9,4.5,Yes,Postgraduate,70.3,Medium
6.8,81.2,77.0,6.3,73.2,3.0,No,High School,72.4,Medium
5.3,73.9,65.3,4.1,61.1,0.0,Yes,Postgraduate,67.2,Medium
9.19,85.5,72.5,6.5,98.2,4.0,Yes,Graduate,94.6,High
3.36,73.6,51.9,8.1,87.6,4.7,Yes,Graduate,67.3,Medium
2.45,82.5,69.2,7.6,60.9,1.8,Yes,Graduate,62.2,Medium
4.12,77.6,30.0,7.5,52.0,5.3,Yes,Graduate,51.7,Low
5.41,91.5,65.4,6.7,66.2,0.0,Yes,High School,74.5,Medium
5.99,77.4,45.2,5.5,78.5,0.0,Yes,Graduate,75.9,High
5.02,56.7,84.9,7.6,75.6,3.3,Yes,Graduate,79.6,High
6.2,93.1,78.9,6.0,90.8,3.1,Yes,Graduate,88.5,High
3.0,67.1,74.5,9.6,83.8,1.6,Yes,Graduate,75.6,High
8.39,70.2,89.3,7.7,86.5,4.6,Yes,High School,93.9,High
5.34,70.9,54.7,6.3,76.9,4.1,Yes,Graduate,71.2,Medium
7.73,94.5,92.5,6.3,51.2,4.7,Yes,Graduate,87.5,High
6.19,52.4,81.1,6.9,69.1,2.8,Yes,Diploma,66.8,Medium
6.41,100.0,64.7,6.7,87.9,4.2,Yes,Diploma,75.0,Medium
6.64,90.7,83.9,8.3,71.2,2.1,No,Graduate,77.3,High
6.4,80.7,52.5,7.2,79.5,7.1,Yes,Postgraduate,77.3,High
6.79,77.3,56.5,6.1,67.2,1.4,Yes,Graduate,70.9,Medium
8.16,81.4,59.5,9.3,56.6,7.2,Yes,Graduate,90.3,High
5.89,84.3,60.6,7.1,70.1,3.1,Yes,Diploma,73.6,Medium
6.92,85.7,53.2,7.9,76.6,0.2,Yes,High School,80.6,High
5.32,84.7,85.1,6.3,62.2,5.7,Yes,High School,73.0,Medium
8.38,79.1,64.4,7.4,68.5,3.3,Yes,High School,74.3,Medium
4.15,75.6,72.9,7.4,57.9,4.7,Yes,Diploma,61.0,Medium
9.1,76.2,60.0,4.7,88.8,5.4,Yes,Diploma,74.7,Medium
5.42,75.7,42.5,9.4,67.6,3.7,Yes,Graduate,72.2,Medium
2.64,91.6,71.8,8.5,93.8,1.8,Yes,Graduate,78.5,High
5.76,85.1,41.2,6.5,94.9,5.0,Yes,High School,78.9,High
4.14,42.7,67.0,5.7,70.8,3.0,Yes,High School,58.6,Medium
7.18,85.9,48.8,7.4,56.9,4.4,Yes,Diploma,69.6,Medium
4.19,80.3,95.8,7.1,40.7,0.0,Yes,Graduate,83.3,High
4.61,77.8,80.8,7.4,49.9,3.9,Yes,High School,68.6,Medium
1.72,73.3,69.5,7.2,51.4,1.7,Yes,High School,66.3,Medium
4.6,91.5,85.7,7.6,92.7,6.3,Yes,Postgraduate,84.6,High
0.65,89.4,56.2,8.7,73.7,4.2,Yes,Graduate,72.4,Medium
2.33,68.7,75.6,7.7,77.8,3.5,Yes,High School,72.6,Medium
7.02,82.9,70.8,5.7,38.7,4.0,Yes,Diploma,71.1,Medium
7.07,66.3,71.7,8.6,54.0,1.0,Yes,Diploma,55.9,Medium
6.35,61.4,85.8,9.0,85.3,6.2,Yes,Graduate,80.8,High
3.57,70.5,78.3,10.0,76.3,7.0,Yes,Graduate,83.5,High
5.4,88.3,72.0,5.7,69.8,3.8,Yes,High School,77.0,High
5.49,89.4,44.8,7.3,80.5,6.2,Yes,Graduate,77.9,High
3.18,84.2,54.6,4.5,96.5,1.9,No,Diploma,56.7,Medium
8.51,86.7,66.3,7.7,68.7,1.4,Yes,Diploma,75.0,Medium
7.25,84.2,69.3,6.3,73.0,3.1,Yes,Diploma,79.8,High
5.06,70.3,52.2,9.3,74.9,3.9,Yes,Graduate,73.0,Medium
5.55,83.2,100.0,6.1,100.0,2.2,Yes,Diploma,92.8,High
5.92,87.6,89.2,5.0,40.5,4.1,Yes,High School,71.1,Medium
1.42,87.1,76.4,6.4,82.2,3.6,Yes,Diploma,73.9,Medium
5.01,92.3,69.0,4.6,70.3,1.0,Yes,High School,71.3,Medium
4.14,86.5,65.0,7.9,80.5,4.0,Yes,Graduate,70.1,Medium
3.5,82.2,54.7,4.5,62.1,4.7,Yes,High School,49.1,Low
4.94,90.8,69.1,7.0,71.3,3.3,Yes,High School,77.1,High
9.1,77.7,71.6,4.5,82.7,5.3,Yes,Graduate,82.6,High
6.78,67.4,50.6,6.6,100.0,0.6,Yes,Graduate,69.4,Medium
4.36,76.0,72.7,9.0,84.1,3.9,Yes,Graduate,67.2,Medium
6.65,69.1,65.8,7.4,59.3,0.7,Yes,Graduate,73.2,Medium
